{
"testbuildmode":"no",
"specificConfigPath":"com.kidsfunclub.icecreamdlite",
"s3CloudFrontEnabled":"yes",
"s3BucketName":"com.tabtale.books.content.test",
"s3CloudFrontDomain":"http://d17qe5lgrncv6k.cloudfront.net",
"s3Endpoint":"http://s3.amazonaws.com",
"awsAccessKey":"AKIAI7FJ45GUK3I6663Q",
"awsSecretKey":"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",
"encrypted":"1",
"orientation":"landscape",
"flurryKey":"YFJSRXNGGJ6V8T535GCY",
"appoxeeKey":"51c80b97727614.20252341",
"appoxeeSecret":"51c80b97727a62.26761815",
"inAppPurchaseType":"removeAds",
    "adsProvider":"moPub",
    "showBannerAds":"yes",
    "adKeyBanneriPad":"92276826b86b11e281c11231392559e4",
    "adKeyBanneriPhone":"7983b7febb1b11e295fa123138070049",
    "adKeyInteriPad":"ae2ed6c567b04b599d790b9d955b4827",
    "adKeyInteriPhone":"ae2ed6c567b04b599d790b9d955b4827",
"showBlockingAdsView":"no",
"chartboostId":"51dbf7db16ba471d7f000000",
"chartboostSignature":"45e18192d4af6c3d5bb71bce2810cf3e9912c2ac",
"s3ConfigPath":"english/configs",
"bookShelfGlobalPath":"english/appshelfPro/default",
"appleId":"665886388",
"applicationLink":"http://itunes.apple.com/app/id665886388",
    "campaignPopUpAdsPlacementsList":"sessionStart,sceneTransitions",
    "interstitialPopUpAdsPlacementsList":"xmlMarketingHook1",
    "chartboostPopUpAdsPlacementsList":"sessionStart,sceneTransitions",
    
    "popUpAdsPriorities":"interstitial,campaign,chartboost",
    
    "campaignAppearancesInSession":"2",
    "interstitialAppearancesInSession":"50",
    "chartboostAppearancesInSession":"1",
    
    "startSessionFirstDisplaySession":"1",
    "interstitialFirstDisplaySession":"1",
    "chartboostFirstDisplaySession":"0",
    "campaignFirstDisplaySession":"0",
    
    "popUpAdsTimeIntervalSequence":"5,5",
    
    "logEnable":"yes",
    "pauseSecondsBeforeNewSession":"10"
}