<?xml version="1.0" ?>
<ttMacro name="popUpButton">
    <ttMacroParams>
        <ttMacroParamDef name="$triggerDelay"/>
        <ttMacroParamDef name="$scaleTo"/>
    </ttMacroParams>
    <ttMacroBody>
        <ttActionsGroup>
            <ttTrigger>notification</ttTrigger>
            <ttNotificationIdentifyer>2908</ttNotificationIdentifyer>
            <ttSequenceGroup>
                <ttAction>
                    <ttType>delay</ttType>
                    <ttActionDuration>$triggerDelay</ttActionDuration>
                </ttAction>
            </ttSequenceGroup>
            <ttSequenceGroup>
                <ttAction>
                    <ttType>scale</ttType>
                    <ttScaleTo>$scaleTo</ttScaleTo>
                    <ttActionDuration>0.5</ttActionDuration>
                    <ttActionEaseMode>easeBackOut</ttActionEaseMode>
                    <ttActionEaseRate>2</ttActionEaseRate>
                </ttAction>
            </ttSequenceGroup>
        </ttActionsGroup>
    </ttMacroBody>
</ttMacro>
<ttMacro name="popUpButtonWithSound">
    <ttMacroParams>
        <ttMacroParamDef name="$triggerDelay"/>
        <ttMacroParamDef name="$scaleTo"/>
    </ttMacroParams>
    <ttMacroBody>
        <ttActionsGroup>
            <ttTrigger>notification</ttTrigger>
            <ttNotificationIdentifyer>2908</ttNotificationIdentifyer>
            <ttSequenceGroup>
                <ttAction>
                    <ttType>delay</ttType>
                    <ttActionDuration>$triggerDelay</ttActionDuration>
                </ttAction>
            </ttSequenceGroup>
			<ttSequenceGroup>
				<ttAction>
					<ttFile>sounds/makeItSound/itemfly.mp3</ttFile>
					<ttType>playSound</ttType>
				</ttAction>
			</ttSequenceGroup>
                    <ttSequenceGroup>
						<ttAction>
							<ttType>setLayerZIndex</ttType>
							<ttIntValue>2190</ttIntValue>
						</ttAction>
                    </ttSequenceGroup>
            <ttSequenceGroup>
                <ttAction>
                    <ttType>scale</ttType>
                    <ttScaleTo>$scaleTo</ttScaleTo>
                    <ttActionDuration>0.5</ttActionDuration>
                    <ttActionEaseMode>easeBackOut</ttActionEaseMode>
                    <ttActionEaseRate>2</ttActionEaseRate>
                </ttAction>
            </ttSequenceGroup>
        </ttActionsGroup>
    </ttMacroBody>
</ttMacro>


<ttMacro name="popUpButtonFade">
    <ttMacroParams>
        <ttMacroParamDef name="$triggerDelay"/>
        <ttMacroParamDef name="$fade"/>
    </ttMacroParams>
    <ttMacroBody>
        <ttActionsGroup>
            <ttTrigger>notification</ttTrigger>
            <ttNotificationIdentifyer>2908</ttNotificationIdentifyer>
            <ttSequenceGroup>
                <ttAction>
                    <ttType>delay</ttType>
                    <ttActionDuration>$triggerDelay</ttActionDuration>
                </ttAction>
            </ttSequenceGroup>
            <ttSequenceGroup>
                <ttAction>
                    <ttType>fadeTo</ttType>
					<ttOpacity>$fade</ttOpacity>
                    <ttActionDuration>1</ttActionDuration>
                </ttAction>
            </ttSequenceGroup>
        </ttActionsGroup>
    </ttMacroBody>
</ttMacro>

<ttMacro name="inAppFadeIfPurchased">
    <ttMacroParams>
        <ttMacroParamDef name="$theProductId"/>
    </ttMacroParams>
    <ttMacroBody>
        <ttActionsGroup>
            <ttTrigger>notification</ttTrigger>
            <ttNotificationIdentifyer>2908</ttNotificationIdentifyer>
            <ttOperator>
                <ttType>equal</ttType>
                <ttOperator>
                    <ttVariable>$theProductId</ttVariable>
                </ttOperator>
                <ttOperator>
                    <ttConst>1</ttConst>
                </ttOperator>
            </ttOperator>
            <ttSequenceGroup>
                <ttAction>
                    <ttType>fadeTo</ttType>
                    <ttOpacity>130</ttOpacity>
                </ttAction>
                <ttAction>
                    <ttType>disableObject</ttType>
                </ttAction>
            </ttSequenceGroup>
        </ttActionsGroup>
        <ttActionsGroup>
            <!-- listen to close dialog and enable the object (for the next time user open this dialog)-->
            <ttTrigger>notification</ttTrigger>
            <ttNotificationIdentifyer>2909</ttNotificationIdentifyer>
            <ttSequenceGroup>
                <ttAction>
                    <ttType>enableObject</ttType>
                </ttAction>
            </ttSequenceGroup>
        </ttActionsGroup>
    </ttMacroBody>
</ttMacro>

<ttMacro name="inAppBuyObject">
    <ttMacroParams>
        <ttMacroParamDef name="$buttonImage"/>
        <ttMacroParamDef name="$posX"/>
        <ttMacroParamDef name="$posY"/>
        <ttMacroParamDef name="$inAppProductId"/>
        <ttMacroParamDef name="$actionType"/>
    </ttMacroParams>
    <ttMacroBody>
        <ttObject>
            <ttImage>$buttonImage</ttImage>
            <ttBasePosition x="$posX" y="$posY" />
            <ttScale>0</ttScale>
            <!-- block all touches -->
            <ttActionsGroup>
                <ttTrigger>onTouchesBegan</ttTrigger>
                <ttSequenceGroup>
                    <ttAction>
                        <ttType>sendNotification</ttType>
                        <ttNotificationIdentifyer>2909</ttNotificationIdentifyer>
                    </ttAction>
                </ttSequenceGroup>
                <ttSequenceGroup>
                    <ttAction>
                        <ttType>$actionType</ttType>
                        <ttData>$inAppProductId</ttData>
                    </ttAction>
                </ttSequenceGroup>
            </ttActionsGroup>
            <ttMacroInvoke macro_name="popUpButton">
                <ttMacroParam name="$triggerDelay" value="0.5"/>
                <ttMacroParam name="$scaleTo" value="1.0"/>
            </ttMacroInvoke>
            <ttMacroInvoke macro_name="inAppFadeIfPurchased">
                <ttMacroParam name="$theProductId" value="$inAppProductId"/>
            </ttMacroInvoke>
        </ttObject>
    </ttMacroBody>
</ttMacro>

<ttMacro name="inAppRestoreObject">
    <ttMacroParams>
        <ttMacroParamDef name="$buttonImage"/>
        <ttMacroParamDef name="$posX"/>
        <ttMacroParamDef name="$posY"/>
        <ttMacroParamDef name="$actionType"/>
    </ttMacroParams>
    <ttMacroBody>
        <ttObject>
            <ttImage>$buttonImage</ttImage>
            <ttBasePosition x="$posX" y="$posY" />
            <ttScale>0</ttScale>
			<ttVisibleScript>return (not srvc.isAndroid())</ttVisibleScript> 
            <!-- block all touches -->
            <ttActionsGroup>
                <ttTrigger>onTouchesBegan</ttTrigger>
                <ttSequenceGroup>
                    <ttAction>
                        <ttType>sendNotification</ttType>
                        <ttNotificationIdentifyer>2909</ttNotificationIdentifyer>
                    </ttAction>
                </ttSequenceGroup>
                <ttSequenceGroup>
                    <ttAction>
                        <ttType>$actionType</ttType>
                    </ttAction>
                </ttSequenceGroup>
            </ttActionsGroup>
            <ttMacroInvoke macro_name="popUpButton">
                <ttMacroParam name="$triggerDelay" value="0.5"/>
                <ttMacroParam name="$scaleTo" value="1.0"/>
            </ttMacroInvoke>
            <ttMacroInvoke macro_name="inAppFadeIfPurchased">
                <ttMacroParam name="$theProductId" value="$inAppProductId"/>
            </ttMacroInvoke>
        </ttObject>
    </ttMacroBody>
</ttMacro>



<ttMacro name="inAppPriceOrDescription">
    <ttMacroParams>
        <ttMacroParamDef name="$posX"/>
        <ttMacroParamDef name="$posY"/>
        <ttMacroParamDef name="$inAppProductId"/>
        <ttMacroParamDef name="$infoType"/>
        <ttMacroParamDef name="$lableWidth"/>
        <ttMacroParamDef name="$fontType"/>
        <ttMacroParamDef name="$red"/>
        <ttMacroParamDef name="$green"/>
        <ttMacroParamDef name="$blue"/>
    </ttMacroParams>
    <ttMacroBody>
        <ttObject>
            <ttImage>$infoType</ttImage>
            <ttType>lable</ttType>
            <ttBasePosition x="$posX" y="$posY" />
            <ttScale>0</ttScale>
            <ttFontType>$fontType</ttFontType>
            <ttRedPercentage>$red</ttRedPercentage>
            <ttGreenPercentage>$green</ttGreenPercentage>
            <ttBluePercentage>$blue</ttBluePercentage>
            <!-- block all touches -->
            <ttActionsGroup>
                <ttTrigger>automatic</ttTrigger>
                <ttSequenceGroup>
                    <ttAction>
                        <ttType>inAppInfo</ttType>
                        <ttInfoWidth>$lableWidth</ttInfoWidth>
                        <ttInAppProductId>$inAppProductId</ttInAppProductId>
                        <ttInfoType>$infoType</ttInfoType>
                    </ttAction>
                </ttSequenceGroup>
            </ttActionsGroup>
            <ttMacroInvoke macro_name="popUpButton">
                <ttMacroParam name="$triggerDelay" value="0.5"/>
                <ttMacroParam name="$scaleTo" value="0.5"/>
            </ttMacroInvoke>
            <ttMacroInvoke macro_name="inAppFadeIfPurchased">
                <ttMacroParam name="$theProductId" value="$inAppProductId"/>
            </ttMacroInvoke>
        </ttObject>
    </ttMacroBody>
</ttMacro>

<ttMacro name="inAppBackgroundObjectFade">
    <ttMacroParams>
        <ttMacroParamDef name="$posX"/>
        <ttMacroParamDef name="$posY"/>
        <ttMacroParamDef name="$fade"/>
    </ttMacroParams>
    <ttMacroBody>
	<ttObject>
            <ttImage>platform/games/gamesmenu/BlockingView.png</ttImage>
            <ttBasePosition x="50" y="50" />
            <ttScale>100</ttScale>
			<ttOpacity>0</ttOpacity>
            <ttMacroInvoke macro_name="popUpButtonFade">
                <ttMacroParam name="$triggerDelay" value="0"/>
                <ttMacroParam name="$fade" value="250"/>
            </ttMacroInvoke>
			 <ttActionsGroup>
                <ttTrigger>onTouchesBegan</ttTrigger>
                <ttSequenceGroup>
                    <ttAction>
                        <ttType>sendNotification</ttType>
                        <ttNotificationIdentifyer>2909</ttNotificationIdentifyer>
                    </ttAction>
                    <ttAction>
                        <ttType>sendNotification</ttType>
                        <ttNotificationIdentifyer>2919</ttNotificationIdentifyer>
                    </ttAction>
                </ttSequenceGroup>
            </ttActionsGroup>
        <ttActionsGroup>
            <ttTrigger>notification</ttTrigger>
            <ttNotificationIdentifyer>2909</ttNotificationIdentifyer>
            <ttSequenceGroup>
                <ttAction>
                    <ttType>scale</ttType>
					<ttScaleTo>100</ttScaleTo>
                    <ttActionDuration>0</ttActionDuration>
                </ttAction>
            </ttSequenceGroup>
            <ttSequenceGroup>
                <ttAction>
                    <ttType>fadeTo</ttType>
					<ttOpacity>0</ttOpacity>
                    <ttActionDuration>1</ttActionDuration>
                </ttAction>
            </ttSequenceGroup>
        </ttActionsGroup>
        </ttObject>
    </ttMacroBody>
</ttMacro>
<ttMacro name="inAppBackgroundObject">
    <ttMacroParams>
        <ttMacroParamDef name="$image"/>
        <ttMacroParamDef name="$posX"/>
        <ttMacroParamDef name="$posY"/>
        <ttMacroParamDef name="$scaleTo"/>
    </ttMacroParams>
    <ttMacroBody>
		<ttObject>
            <ttImage>platform/games/gamesmenu/BlockingView.png</ttImage>
            <ttBasePosition x="50" y="50" />
            <ttScale>0</ttScale>
            <ttActionsGroup>
				<ttTrigger>notification</ttTrigger>
				<ttNotificationIdentifyer>2908</ttNotificationIdentifyer>
				<ttSequenceGroup>
					<ttAction>
						<ttType>fadeIn</ttType>
						<ttActionDuration>0.5</ttActionDuration>
					</ttAction>
					<ttAction>
						<ttType>scale</ttType>
						<ttScaleTo>100</ttScaleTo>
						<ttActionDuration>0</ttActionDuration>
					</ttAction>
				</ttSequenceGroup>
			</ttActionsGroup>
			<ttActionsGroup>
				<ttTrigger>notification</ttTrigger>
				<ttNotificationIdentifyer>2909</ttNotificationIdentifyer>
				<ttSequenceGroup>
					<ttAction>
						<ttType>fadeOut</ttType>
						<ttActionDuration>0.35</ttActionDuration>
					</ttAction>
				</ttSequenceGroup>
				<ttSequenceGroup>
					<ttAction>
						<ttType>scale</ttType>
						<ttScaleTo>0</ttScaleTo>
						<ttActionDuration>0</ttActionDuration>
					</ttAction>
				</ttSequenceGroup>
			</ttActionsGroup>
        </ttObject>
        <ttObject>
            <ttImage>$image</ttImage>
            <ttBasePosition x="$posX" y="$posY" />
            <ttTopRightX>100</ttTopRightX>
            <ttBottomRightX>100</ttBottomRightX>
            <ttTopLeftY>100</ttTopLeftY>
            <ttTopRightY>100</ttTopRightY>
            <ttScale>0</ttScale>
            <!-- block all touches -->
            <ttActionsGroup>
                <ttTrigger>onTouchesBegan</ttTrigger>
            </ttActionsGroup>
            <!-- open dialog notification-->
            <ttMacroInvoke macro_name="popUpButtonWithSound">
                <ttMacroParam name="$triggerDelay" value="0"/>
                <ttMacroParam name="$scaleTo" value="$scaleTo"/>
            </ttMacroInvoke>
        </ttObject>
    </ttMacroBody>
</ttMacro>

<ttMacro name="inAppCloseObject">
    <ttMacroParams>
        <ttMacroParamDef name="$image"/>
        <ttMacroParamDef name="$posX"/>
        <ttMacroParamDef name="$posY"/>
        <ttMacroParamDef name="$clickSound"/>
    </ttMacroParams>
    <ttMacroBody>
        <ttObject>
            <ttImage>$image</ttImage>
            <ttBasePosition x="$posX" y="$posY" />
            <ttScale>0</ttScale>
            <ttActionsGroup>
                <ttTrigger>onTouchesBegan</ttTrigger>
                <ttSequenceGroup>
                    <ttAction>
                        <ttType>sendNotification</ttType>
                        <ttNotificationIdentifyer>2909</ttNotificationIdentifyer>
                    </ttAction>
                </ttSequenceGroup>
                <ttSequenceGroup>
                    <ttAction>
                        <ttType>sendNotification</ttType>
                        <ttNotificationIdentifyer>XbtnTapped</ttNotificationIdentifyer>
                    </ttAction>
                </ttSequenceGroup>
            </ttActionsGroup>
            <ttActionsGroup>
                <ttTrigger>notification</ttTrigger>
                <ttNotificationIdentifyer>2909</ttNotificationIdentifyer>
                <ttApplyOn>layer</ttApplyOn>
                <ttSequenceGroup>
                    <ttAction>
                        <ttType>playSound</ttType>
                        <ttFile>$clickSound</ttFile>
                    </ttAction>
                </ttSequenceGroup>
                <ttSequenceGroup>
                    <ttAction>
                        <ttType>scale</ttType>
                        <ttScaleTo>0</ttScaleTo>
                        <ttActionDuration>0.5</ttActionDuration>
                        <ttActionEaseMode>easeBackIn</ttActionEaseMode>
                        <ttActionEaseRate>2</ttActionEaseRate>
                    </ttAction>
                </ttSequenceGroup>
                <ttSequenceGroup>
                    <ttAction>
                        <ttType>sendNotification</ttType>
                        <ttNotificationIdentifyer>2910</ttNotificationIdentifyer>
                    </ttAction>
                </ttSequenceGroup>
            </ttActionsGroup>
			<ttActionsGroup>
                <ttTrigger>notification</ttTrigger>
                <ttNotificationIdentifyer>2910</ttNotificationIdentifyer>
                <ttSequenceGroup>
                    <ttAction>
                        <ttType>unLoadLayer</ttType>
                        <ttData>inAppPurchaseLayer</ttData>
                    </ttAction>
                </ttSequenceGroup>
            </ttActionsGroup>
            <!-- open dialog notification-->
            <ttMacroInvoke macro_name="popUpButton">
                <ttMacroParam name="$triggerDelay" value="1"/>
                <ttMacroParam name="$scaleTo" value="1"/>
            </ttMacroInvoke>
        </ttObject>
    </ttMacroBody>
</ttMacro>

<ttMacro name="popUpButton1">
    <ttMacroParams>
        <ttMacroParamDef name="$triggerDelay"/>
        <ttMacroParamDef name="$scaleTo"/>
    </ttMacroParams>
    <ttMacroBody>
        <ttActionsGroup>
            <ttTrigger>notification</ttTrigger>
            <ttNotificationIdentifyer>2908</ttNotificationIdentifyer>
					<ttSequenceGroup>
						<ttAction>
							<ttType>playSound</ttType>
							<ttFile>sounds/open_store_button.mp3</ttFile>
						</ttAction>
					</ttSequenceGroup>
            <ttSequenceGroup>
                <ttAction>
                    <ttType>delay</ttType>
                    <ttActionDuration>$triggerDelay</ttActionDuration>
                </ttAction>
            </ttSequenceGroup>
            <ttSequenceGroup>
                <ttAction>
                    <ttType>scale</ttType>
                    <ttScaleTo>$scaleTo</ttScaleTo>
                    <ttActionDuration>0.5</ttActionDuration>
                    <ttActionEaseMode>easeBackOut</ttActionEaseMode>
                    <ttActionEaseRate>2</ttActionEaseRate>
                </ttAction>
            </ttSequenceGroup>
        </ttActionsGroup>
		<ttActionsGroup>
                <ttTrigger>notification</ttTrigger>
                <ttNotificationIdentifyer>2909</ttNotificationIdentifyer>
                <!-- <ttApplyOn>layer</ttApplyOn> -->
                <ttSequenceGroup>
                    <ttAction>
                        <ttType>scale</ttType>
                        <ttScaleTo>0</ttScaleTo>
                        <ttActionDuration>0.5</ttActionDuration>
                        <ttActionEaseMode>easeBackIn</ttActionEaseMode>
                        <ttActionEaseRate>2</ttActionEaseRate>
                    </ttAction>
                </ttSequenceGroup>
                <ttSequenceGroup>
                    <ttAction>
                        <ttType>sendNotification</ttType>
                        <ttNotificationIdentifyer>2910</ttNotificationIdentifyer>
                    </ttAction>
                </ttSequenceGroup>
            </ttActionsGroup>
    </ttMacroBody>
</ttMacro>

<ttMacro name="inAppDialog">
    <ttMacroBody>
        <ttInAppDialog>
		<ttInAppID>Main_Store</ttInAppID>
			<!-- the grey background -->
			<ttMacroInvoke macro_name="inAppBackgroundObjectFade">
                <ttMacroParam name="$posX" value="51.0977"/> 
                <ttMacroParam name="$posY" value="54.2708"/>
                <ttMacroParam name="$fade" value="250"/>
            </ttMacroInvoke>
			<!-- the background -->
            <ttMacroInvoke macro_name="inAppBackgroundObject">
                <ttMacroParam name="$image" value="InAppPurchaseDialog/bg.png"/>
                <ttMacroParam name="$posX" value="50"/> 
                <ttMacroParam name="$posY" value="56.2708"/>
                <ttMacroParam name="$scaleTo" value="1.0"/>
            </ttMacroInvoke>
            <!-- a buy button - all prodcuts -->
            <ttMacroInvoke macro_name="inAppBuyObject">
                <ttMacroParam name="$buttonImage" value="InAppPurchaseDialog/happyDeal.png"/> 
                <ttMacroParam name="$posX" value="50"/>
                <ttMacroParam name="$posY" value="83.651"/>
                <ttMacroParam name="$inAppProductId" value="inAppProductFullVersion"/>
                <ttMacroParam name="$actionType" value="inAppPurchase"/>
            </ttMacroInvoke>
            <!-- the price  all products-->
            <ttMacroInvoke macro_name="inAppPriceOrDescription">
                <ttMacroParam name="$posX" value="70.5"/>
                <ttMacroParam name="$posY" value="76.3"/>
                <ttMacroParam name="$inAppProductId" value="inAppProductFullVersion"/>
                <ttMacroParam name="$infoType" value="price"/>
                <ttMacroParam name="$lableWidth" value="18"/>
                <ttMacroParam name="$fontType" value="ArialRoundedMTBold"/>
                <ttMacroParam name="$red" value="100"/>
                <ttMacroParam name="$green" value="100"/>
                <ttMacroParam name="$blue" value="100"/>
            </ttMacroInvoke>
            <!-- a buy button - product1 -->
            <ttMacroInvoke macro_name="inAppBuyObject">
                <ttMacroParam name="$buttonImage" value="InAppPurchaseDialog/buy_chris.png"/>
                <ttMacroParam name="$posX" value="29.2"/>
                <ttMacroParam name="$posY" value="62.0"/>
                <ttMacroParam name="$inAppProductId" value="inAppProduct_product1"/>
                <ttMacroParam name="$actionType" value="inAppPurchase"/>
            </ttMacroInvoke>
            <!-- the price product1 -->
             <ttMacroInvoke macro_name="inAppPriceOrDescription">
                <ttMacroParam name="$posX" value="41.55"/>
                <ttMacroParam name="$posY" value="54.5"/>
                <ttMacroParam name="$inAppProductId" value="inAppProduct_product1"/>
                <ttMacroParam name="$infoType" value="price"/>
                <ttMacroParam name="$lableWidth" value="16"/>
                <ttMacroParam name="$fontType" value="ArialRoundedMTBold"/>
                <ttMacroParam name="$red" value="100"/>
                <ttMacroParam name="$green" value="100"/>
                <ttMacroParam name="$blue" value="100"/>
            </ttMacroInvoke>
			<!-- a buy button -product2 -->
            <ttMacroInvoke macro_name="inAppBuyObject">
                 <ttMacroParam name="$buttonImage" value="InAppPurchaseDialog/buy_charlie.png"/>
                <ttMacroParam name="$posX" value="29.7"/>
                <ttMacroParam name="$posY" value="40.0"/>
                <ttMacroParam name="$inAppProductId" value="inAppProduct_product2"/>
                <ttMacroParam name="$actionType" value="inAppPurchase"/>
            </ttMacroInvoke>
            <!-- the price product 2 -->
              <ttMacroInvoke macro_name="inAppPriceOrDescription">
                <ttMacroParam name="$posX" value="42"/>
                <ttMacroParam name="$posY" value="31.3"/>
                <ttMacroParam name="$inAppProductId" value="inAppProduct_product2"/>
                <ttMacroParam name="$infoType" value="price"/>
                <ttMacroParam name="$lableWidth" value="16"/>
                <ttMacroParam name="$fontType" value="ArialRoundedMTBold"/>
                <ttMacroParam name="$red" value="100"/>
                <ttMacroParam name="$green" value="100"/>
                <ttMacroParam name="$blue" value="100"/>
           </ttMacroInvoke>
            <!-- a buy button product3 -->
            <ttMacroInvoke macro_name="inAppBuyObject">
                <ttMacroParam name="$buttonImage" value="InAppPurchaseDialog/buy_chad.png"/>
                <ttMacroParam name="$posX" value="69.5"/>
                <ttMacroParam name="$posY" value="62.8"/>
                <ttMacroParam name="$inAppProductId" value="inAppProduct_product3"/>
                <ttMacroParam name="$actionType" value="inAppPurchase"/>
            </ttMacroInvoke>
            <!-- the price product3 -->
            <ttMacroInvoke macro_name="inAppPriceOrDescription">
                <ttMacroParam name="$posX" value="82.3"/>
                <ttMacroParam name="$posY" value="54.3"/>
                <ttMacroParam name="$inAppProductId" value="inAppProduct_product3"/>
                <ttMacroParam name="$infoType" value="price"/>
                <ttMacroParam name="$lableWidth" value="16"/>
                <ttMacroParam name="$fontType" value="ArialRoundedMTBold"/>
                <ttMacroParam name="$red" value="100"/>
                <ttMacroParam name="$green" value="100"/>
                <ttMacroParam name="$blue" value="100"/>
            </ttMacroInvoke>
            <!-- a buy button - remove ads -->
            <ttMacroInvoke macro_name="inAppBuyObject">
                <ttMacroParam name="$buttonImage" value="InAppPurchaseDialog/remove_ads.png"/>
                <ttMacroParam name="$posX" value="70.5"/>
                <ttMacroParam name="$posY" value="37.7"/>
                <ttMacroParam name="$inAppProductId" value="inAppProductRemoveAds"/>
                <ttMacroParam name="$actionType" value="inAppPurchase"/>
            </ttMacroInvoke>
            <!-- the price  remove ads-->
            <ttMacroInvoke macro_name="inAppPriceOrDescription">
                <ttMacroParam name="$posX" value="82.55"/>
                <ttMacroParam name="$posY" value="30.95"/>
                <ttMacroParam name="$inAppProductId" value="inAppProductRemoveAds"/>
                <ttMacroParam name="$infoType" value="price"/>
                <ttMacroParam name="$lableWidth" value="16"/>
                <ttMacroParam name="$fontType" value="ArialRoundedMTBold"/>
                <ttMacroParam name="$red" value="100"/>
                <ttMacroParam name="$green" value="100"/>
                <ttMacroParam name="$blue" value="100"/>
           </ttMacroInvoke>
		   <!-- a restore button -->
             <ttMacroInvoke macro_name="inAppRestoreObject">
                <ttMacroParam name="$buttonImage" value="InAppPurchaseDialog/restore.png"/>
                <ttMacroParam name="$posX" value="28.0281"/>
                <ttMacroParam name="$posY" value="23.3542"/>
                <ttMacroParam name="$actionType" value="inAppRestore"/>
            </ttMacroInvoke> 
			<!-- the close button -->
            <ttMacroInvoke macro_name="inAppCloseObject">
                <ttMacroParam name="$image" value="InAppPurchaseDialog/close_button.png"/>
                <ttMacroParam name="$posX" value="90.0"/>
                <ttMacroParam name="$posY" value="95"/>
                <ttMacroParam name="$clickSound" value="sounds/p5_magicshoe1.mp3" />
            </ttMacroInvoke>
		</ttInAppDialog>
		<ttInAppDialog>
		<ttInAppID>inAppProduct_product1</ttInAppID>
            <!-- the background -->
            <ttMacroInvoke macro_name="inAppBackgroundObject">
                <ttMacroParam name="$image" value="InAppPurchaseDialog/bg_small.png"/>
                <ttMacroParam name="$posX" value="50.0"/>
                <ttMacroParam name="$posY" value="50.0"/>
                <ttMacroParam name="$scaleTo" value="0.92"/>
            </ttMacroInvoke>
			<!-- the close button -->
            <ttMacroInvoke macro_name="inAppCloseObject">
                <ttMacroParam name="$image" value="InAppPurchaseDialog/close_button.png"/>
                <ttMacroParam name="$posX" value="87.0"/>
                <ttMacroParam name="$posY" value="72"/>
                <ttMacroParam name="$clickSound" value="sounds/p5_magicshoe1.mp3" />
            </ttMacroInvoke>
            <!-- a buy button - all prodcuts -->
            <ttMacroInvoke macro_name="inAppBuyObject">
                <ttMacroParam name="$buttonImage" value="InAppPurchaseDialog/buy_all_small.png"/>
                <ttMacroParam name="$posX" value="65.4883"/>
                <ttMacroParam name="$posY" value="50.0"/>
                <ttMacroParam name="$inAppProductId" value="inAppProductFullVersion"/>
                <ttMacroParam name="$actionType" value="inAppPurchase"/>
            </ttMacroInvoke>
            <!-- the price -->
            <ttMacroInvoke macro_name="inAppPriceOrDescription">
                <ttMacroParam name="$posX" value="68"/>
                <ttMacroParam name="$posY" value="43"/>
                <ttMacroParam name="$inAppProductId" value="inAppProductFullVersion"/>
                <ttMacroParam name="$infoType" value="price"/>
                <ttMacroParam name="$lableWidth" value="16"/>
                <ttMacroParam name="$fontType" value="ArialRoundedMTBold"/>
                <ttMacroParam name="$red" value="100"/>
                <ttMacroParam name="$green" value="100"/>
                <ttMacroParam name="$blue" value="100"/>
            </ttMacroInvoke>
            <!-- a buy button - chris - product1 -->
            <ttMacroInvoke macro_name="inAppBuyObject">
                <ttMacroParam name="$buttonImage" value="InAppPurchaseDialog/buy_chris_small.png"/>
                <ttMacroParam name="$posX" value="29"/>
                <ttMacroParam name="$posY" value="50"/>
                <ttMacroParam name="$inAppProductId" value="inAppProduct_product1"/>
                <ttMacroParam name="$actionType" value="inAppPurchase"/>
            </ttMacroInvoke>
            <!-- the price -->
            <ttMacroInvoke macro_name="inAppPriceOrDescription">
                <ttMacroParam name="$posX" value="31.5"/>
                <ttMacroParam name="$posY" value="43"/>
                <ttMacroParam name="$inAppProductId" value="inAppProduct_product1"/>
                <ttMacroParam name="$infoType" value="price"/>
                <ttMacroParam name="$lableWidth" value="16"/>
                <ttMacroParam name="$fontType" value="ArialRoundedMTBold"/>
                <ttMacroParam name="$red" value="100"/>
                <ttMacroParam name="$green" value="100"/>
                <ttMacroParam name="$blue" value="100"/>
            </ttMacroInvoke>
			<!-- a store button -->
			<ttObject>
				<ttImage>InAppPurchaseDialog/smallStore.png</ttImage>
				<ttBasePosition x="64" y="25.5365" />
				<ttScale>0</ttScale>
				<ttActionsGroup>
					<ttTrigger>onTouchesBegan</ttTrigger>
					<ttSequenceGroup>
						<ttAction>
							<ttType>playSound</ttType>
							<ttFile>sounds/button_tap_new.mp3</ttFile>
						</ttAction>
						<ttAction>
							<ttType>sendNotification</ttType>
							<ttNotificationIdentifyer>2909</ttNotificationIdentifyer>
						</ttAction>
						<ttAction>
							<ttType>sendNotification</ttType>
							<ttNotificationIdentifyer>forStore</ttNotificationIdentifyer>
						</ttAction>
					</ttSequenceGroup>
					<ttSequenceGroup>
						<ttAction>
							<ttType>delay</ttType>
							<ttActionDuration>0.5</ttActionDuration>
						</ttAction>
					</ttSequenceGroup>
				</ttActionsGroup>
				<ttMacroInvoke macro_name="popUpButton">
					<ttMacroParam name="$triggerDelay" value="0.5"/>
					<ttMacroParam name="$scaleTo" value="1"/>
				</ttMacroInvoke>
			</ttObject>
        </ttInAppDialog>
		<ttInAppDialog>
		<ttInAppID>inAppProduct_product2</ttInAppID>
            <!-- the background -->
            <ttMacroInvoke macro_name="inAppBackgroundObject">
                <ttMacroParam name="$image" value="InAppPurchaseDialog/bg_small.png"/>
                <ttMacroParam name="$posX" value="50.0"/>
                <ttMacroParam name="$posY" value="50.0"/>
                <ttMacroParam name="$scaleTo" value="0.92"/>
            </ttMacroInvoke>
			<!-- the close button -->
            <ttMacroInvoke macro_name="inAppCloseObject">
                <ttMacroParam name="$image" value="InAppPurchaseDialog/close_button.png"/>
                <ttMacroParam name="$posX" value="87.0"/>
                <ttMacroParam name="$posY" value="72"/>
                <ttMacroParam name="$clickSound" value="sounds/p5_magicshoe1.mp3" />
            </ttMacroInvoke>
            <!-- a buy button - all prodcuts -->
            <ttMacroInvoke macro_name="inAppBuyObject">
                <ttMacroParam name="$buttonImage" value="InAppPurchaseDialog/buy_all_small.png"/>
                <ttMacroParam name="$posX" value="65.4883"/>
                <ttMacroParam name="$posY" value="50.0"/>
                <ttMacroParam name="$inAppProductId" value="inAppProductFullVersion"/>
                <ttMacroParam name="$actionType" value="inAppPurchase"/>
            </ttMacroInvoke>
            <!-- the price -->
            <ttMacroInvoke macro_name="inAppPriceOrDescription">
                <ttMacroParam name="$posX" value="68"/>
                <ttMacroParam name="$posY" value="43"/>
                <ttMacroParam name="$inAppProductId" value="inAppProductFullVersion"/>
                <ttMacroParam name="$infoType" value="price"/>
                <ttMacroParam name="$lableWidth" value="16"/>
                <ttMacroParam name="$fontType" value="ArialRoundedMTBold"/>
                <ttMacroParam name="$red" value="100"/>
                <ttMacroParam name="$green" value="100"/>
                <ttMacroParam name="$blue" value="100"/>
            </ttMacroInvoke>
            <!-- a buy button - charlie - product2 -->
            <ttMacroInvoke macro_name="inAppBuyObject">
                <ttMacroParam name="$buttonImage" value="InAppPurchaseDialog/buy_charlie_small.png"/>
                <ttMacroParam name="$posX" value="29"/>
                <ttMacroParam name="$posY" value="50"/>
                <ttMacroParam name="$inAppProductId" value="inAppProduct_product2"/>
                <ttMacroParam name="$actionType" value="inAppPurchase"/>
            </ttMacroInvoke>
            <!-- the price -->
            <ttMacroInvoke macro_name="inAppPriceOrDescription">
                <ttMacroParam name="$posX" value="31.5"/>
                <ttMacroParam name="$posY" value="43"/>
                <ttMacroParam name="$inAppProductId" value="inAppProduct_product2"/>
                <ttMacroParam name="$infoType" value="price"/>
                <ttMacroParam name="$lableWidth" value="16"/>
                <ttMacroParam name="$fontType" value="ArialRoundedMTBold"/>
                <ttMacroParam name="$red" value="100"/>
                <ttMacroParam name="$green" value="100"/>
                <ttMacroParam name="$blue" value="100"/>
            </ttMacroInvoke>
			<ttObject>
				<ttImage>InAppPurchaseDialog/smallStore.png</ttImage>
				<ttBasePosition x="64" y="25.5365" />
				<ttScale>0</ttScale>
				<ttActionsGroup>
					<ttTrigger>onTouchesBegan</ttTrigger>
					<ttSequenceGroup>
						<ttAction>
							<ttType>playSound</ttType>
							<ttFile>sounds/button_tap_new.mp3</ttFile>
						</ttAction>
						<ttAction>
							<ttType>sendNotification</ttType>
							<ttNotificationIdentifyer>2909</ttNotificationIdentifyer>
						</ttAction>
						<ttAction>
							<ttType>sendNotification</ttType>
							<ttNotificationIdentifyer>forStore</ttNotificationIdentifyer>
						</ttAction>
					</ttSequenceGroup>
					<ttSequenceGroup>
						<ttAction>
							<ttType>delay</ttType>
							<ttActionDuration>0.5</ttActionDuration>
						</ttAction>
					</ttSequenceGroup>
				</ttActionsGroup>
				<ttMacroInvoke macro_name="popUpButton">
					<ttMacroParam name="$triggerDelay" value="0.5"/>
					<ttMacroParam name="$scaleTo" value="1"/>
				</ttMacroInvoke>
			</ttObject>
        </ttInAppDialog>
		<ttInAppDialog>
		<ttInAppID>inAppProduct_product3</ttInAppID>
            <!-- the background -->
            <ttMacroInvoke macro_name="inAppBackgroundObject">
                <ttMacroParam name="$image" value="InAppPurchaseDialog/bg_small.png"/>
                <ttMacroParam name="$posX" value="50.0"/>
                <ttMacroParam name="$posY" value="50.0"/>
                <ttMacroParam name="$scaleTo" value="0.92"/>
            </ttMacroInvoke>
			<!-- the close button -->
            <ttMacroInvoke macro_name="inAppCloseObject">
                <ttMacroParam name="$image" value="InAppPurchaseDialog/close_button.png"/>
                <ttMacroParam name="$posX" value="87.0"/>
                <ttMacroParam name="$posY" value="72"/>
                <ttMacroParam name="$clickSound" value="sounds/p5_magicshoe1.mp3" />
            </ttMacroInvoke>
            <!-- a buy button - all prodcuts -->
            <ttMacroInvoke macro_name="inAppBuyObject">
                <ttMacroParam name="$buttonImage" value="InAppPurchaseDialog/buy_all_small.png"/>
                <ttMacroParam name="$posX" value="65.4883"/>
                <ttMacroParam name="$posY" value="50.0"/>
                <ttMacroParam name="$inAppProductId" value="inAppProductFullVersion"/>
                <ttMacroParam name="$actionType" value="inAppPurchase"/>
            </ttMacroInvoke>
            <!-- the price -->
            <ttMacroInvoke macro_name="inAppPriceOrDescription">
                <ttMacroParam name="$posX" value="68"/>
                <ttMacroParam name="$posY" value="43"/>
                <ttMacroParam name="$inAppProductId" value="inAppProductFullVersion"/>
                <ttMacroParam name="$infoType" value="price"/>
                <ttMacroParam name="$lableWidth" value="16"/>
                <ttMacroParam name="$fontType" value="ArialRoundedMTBold"/>
                <ttMacroParam name="$red" value="100"/>
                <ttMacroParam name="$green" value="100"/>
                <ttMacroParam name="$blue" value="100"/>
            </ttMacroInvoke>
            <!-- a buy button - chad - product3 -->
            <ttMacroInvoke macro_name="inAppBuyObject">
                <ttMacroParam name="$buttonImage" value="InAppPurchaseDialog/buy_chad_small.png"/>
                <ttMacroParam name="$posX" value="29"/>
                <ttMacroParam name="$posY" value="50"/>
                <ttMacroParam name="$inAppProductId" value="inAppProduct_product3"/>
                <ttMacroParam name="$actionType" value="inAppPurchase"/>
            </ttMacroInvoke>
            <!-- the price -->
            <ttMacroInvoke macro_name="inAppPriceOrDescription">
                <ttMacroParam name="$posX" value="31.5"/>
                <ttMacroParam name="$posY" value="43"/>
                <ttMacroParam name="$inAppProductId" value="inAppProduct_product3"/>
                <ttMacroParam name="$infoType" value="price"/>
                <ttMacroParam name="$lableWidth" value="16"/>
                <ttMacroParam name="$fontType" value="ArialRoundedMTBold"/>
                <ttMacroParam name="$red" value="100"/>
                <ttMacroParam name="$green" value="100"/>
                <ttMacroParam name="$blue" value="100"/>
            </ttMacroInvoke>
			<ttObject>
				<ttImage>InAppPurchaseDialog/smallStore.png</ttImage>
				<ttBasePosition x="64" y="25.5365" />
				<ttScale>0</ttScale>
				<ttActionsGroup>
					<ttTrigger>onTouchesBegan</ttTrigger>
					<ttSequenceGroup>
						<ttAction>
							<ttType>playSound</ttType>
							<ttFile>sounds/button_tap_new.mp3</ttFile>
						</ttAction>
						<ttAction>
							<ttType>sendNotification</ttType>
							<ttNotificationIdentifyer>2909</ttNotificationIdentifyer>
						</ttAction>
						<ttAction>
							<ttType>sendNotification</ttType>
							<ttNotificationIdentifyer>forStore</ttNotificationIdentifyer>
						</ttAction>
					</ttSequenceGroup>
					<ttSequenceGroup>
						<ttAction>
							<ttType>delay</ttType>
							<ttActionDuration>0.5</ttActionDuration>
						</ttAction>
					</ttSequenceGroup>
				</ttActionsGroup>
				<ttMacroInvoke macro_name="popUpButton">
					<ttMacroParam name="$triggerDelay" value="0.5"/>
					<ttMacroParam name="$scaleTo" value="1"/>
				</ttMacroInvoke>
			</ttObject>
        </ttInAppDialog>
	</ttMacroBody>
</ttMacro>
