<?xml version="1.0" encoding="UTF-8" standalone="no"?>
<Dependencies>
    <Libraries>
        <lib>
            <Name>platform</Name>
            <Repository>Engine</Repository>
            <Version>5.5.3.5</Version>
            <Branch>Engine-1.5.0</Branch>
            <BuildFile>multiPlatform/platform/build.xml</BuildFile>
        </lib>
        <lib>
            <Name>ACS</Name>
            <Repository>ACS</Repository>
            <Version>5.5.3.8</Version>
            <Branch>ACS-1.6.0</Branch>
            <BuildFile>ACS/build.xml</BuildFile>
        </lib>
        <lib>
            <Name>cocos2dx</Name>
            <Repository>Cocos2dx</Repository>
            <Version>5.5.0.44</Version>
            <Branch>Cocos-1.0.0</Branch>
            <BuildFile>./build.xml</BuildFile>
        </lib>
    </Libraries>
    <Libraries>
        <framework>
            <Name>PublishingSDK</Name>
            <Repository>PublishingSDK</Repository>
            <Version>1.3.0.13</Version>
        </framework>
    </Libraries>
    <Libraries>
        <resource>
            <Name>TT2DSDKThirdParty</Name>
            <Repository>TT2DSDKThirdParty</Repository>
            <Branch>TP-1.6.0</Branch>
        </resource>
        <resource>
            <Name>DevOps</Name>
            <Repository>DevOps</Repository>
            <Branch>1.4.1</Branch>
        </resource>
    </Libraries>
    <Controls/>
    <MiniGames/>
</Dependencies>
