<?xml version="1.0" encoding="UTF-8" standalone="no"?>
<ttScenes>
	<!-- define from which scene to put this layer -->
	<ttTransactionPrev>pageTurnBack</ttTransactionPrev>
	<ttTransactionNext>pageTurn</ttTransactionNext>
	<ttTransactionPrevTime>1.0</ttTransactionPrevTime>
	<ttTransactionNextTime>1.0</ttTransactionNextTime>
	<ttScene>
		<!-- <ttLayer>
			<ttName>pageControlLayer</ttName>
			<ttObject>				
				<ttImage>images/misc/prev.png</ttImage>
				<ttBasePositionX>13.5</ttBasePositionX>
				<ttBasePositionY>6.5</ttBasePositionY>
				<ttScale>1</ttScale>
				<ttTopLeftX>0.0</ttTopLeftX>
				<ttTopLeftY>12.0</ttTopLeftY>
				<ttTopRightX>14.0</ttTopRightX>
				<ttTopRightY>12.0</ttTopRightY>
				<ttBottomLeftX>0.0</ttBottomLeftX>
				<ttBottomLeftY>0.0</ttBottomLeftY>
				<ttBottomRightX>14.0</ttBottomRightX>
				<ttBottomRightY>0.0</ttBottomRightY>
				<ttVisible>YES</ttVisible>
				<ttAnchorPositionX>1</ttAnchorPositionX>
                <ttAnchorPositionY>0.50</ttAnchorPositionY>
				<ttActionsGroup>
                    <ttTrigger>onTouchesBegan</ttTrigger>
					<ttSequenceGroup>
						<ttAction>
							<ttType>showPopup</ttType>
							<ttPopupActionLocation>location1</ttPopupActionLocation>
						</ttAction>
					</ttSequenceGroup>
                    <ttSequenceGroup>
						<ttAction>
                            <ttType>scaleXy</ttType>
                            <ttActionDuration>0.10</ttActionDuration>
                            <ttScaleX>1.20</ttScaleX>
                            <ttScaleY>1</ttScaleY>
							<ttActionEaseMode>easeInOut</ttActionEaseMode>
							<ttActionEaseRate>2.00</ttActionEaseRate>
                        </ttAction>
						<ttAction>
                            <ttType>playSound</ttType>
                            <ttFile>sounds/button_tap_new.mp3</ttFile>
                             <ttVolume>1</ttVolume>
                        </ttAction>
                    </ttSequenceGroup>
                    <ttSequenceGroup>
                        <ttAction>
                            <ttType>scaleXy</ttType>
                            <ttActionDuration>0.10</ttActionDuration>
                            <ttScaleX>0.7</ttScaleX>
                            <ttScaleY>1</ttScaleY>
							<ttActionEaseMode>easeInOut</ttActionEaseMode>
							<ttActionEaseRate>2.00</ttActionEaseRate>
                        </ttAction>
                    </ttSequenceGroup>
                    <ttSequenceGroup>
                        <ttAction>
                            <ttType>scaleXy</ttType>
                            <ttActionDuration>0.10</ttActionDuration>
                            <ttScaleX>1.15</ttScaleX>
                            <ttScaleY>1</ttScaleY>
							<ttActionEaseMode>easeInOut</ttActionEaseMode>
							<ttActionEaseRate>2.00</ttActionEaseRate>
                        </ttAction>
                    </ttSequenceGroup>
                    <ttSequenceGroup>
                        <ttAction>
                            <ttType>scaleXy</ttType>
                            <ttActionDuration>0.10</ttActionDuration>
                            <ttScaleX>0.85</ttScaleX>
                            <ttScaleY>1</ttScaleY>
							<ttActionEaseMode>easeInOut</ttActionEaseMode>
							<ttActionEaseRate>2.00</ttActionEaseRate>
                        </ttAction>
                    </ttSequenceGroup>
                    <ttSequenceGroup>
                        <ttAction>
                            <ttType>scaleXy</ttType>
                            <ttActionDuration>0.10</ttActionDuration>
                            <ttScaleX>1.05</ttScaleX>
                            <ttScaleY>1</ttScaleY>
							<ttActionEaseMode>easeInOut</ttActionEaseMode>
							<ttActionEaseRate>2.00</ttActionEaseRate>
                        </ttAction>
                    </ttSequenceGroup>
                    <ttSequenceGroup>
                        <ttAction>
                            <ttType>scaleXy</ttType>
                            <ttActionDuration>0.10</ttActionDuration>
                            <ttScaleX>0.95</ttScaleX>
                            <ttScaleY>1</ttScaleY>
							<ttActionEaseMode>easeInOut</ttActionEaseMode>
							<ttActionEaseRate>2.00</ttActionEaseRate>
                        </ttAction>
                    </ttSequenceGroup>
                    <ttSequenceGroup>
                        <ttAction>
                            <ttType>scaleXy</ttType>
                            <ttActionDuration>0.10</ttActionDuration>
                            <ttScaleX>1</ttScaleX>
                            <ttScaleY>1</ttScaleY>
							<ttActionEaseMode>easeInOut</ttActionEaseMode>
							<ttActionEaseRate>2.00</ttActionEaseRate>
                        </ttAction>
                    </ttSequenceGroup>
					<ttSequenceGroup>
						<ttAction>
							<ttType>previoseScene</ttType>
						</ttAction>
					</ttSequenceGroup>
				</ttActionsGroup>
			</ttObject>
			<ttObject>			
				<ttImage>images/misc/next.png</ttImage>
				<ttBasePositionX>86.5</ttBasePositionX>
				<ttBasePositionY>6.5</ttBasePositionY>
				<ttScale>1</ttScale>
				<ttTopLeftX>86.0</ttTopLeftX>
				<ttTopLeftY>12.0</ttTopLeftY>
				<ttTopRightX>100.0</ttTopRightX>
				<ttTopRightY>12.0</ttTopRightY>
				<ttBottomLeftX>86.0</ttBottomLeftX>
				<ttBottomLeftY>0.0</ttBottomLeftY>
				<ttBottomRightX>100.0</ttBottomRightX>
				<ttBottomRightY>0.0</ttBottomRightY>
				<ttVisible>YES</ttVisible>
				<ttAnchorPositionX>0</ttAnchorPositionX>
                <ttAnchorPositionY>0.50</ttAnchorPositionY>
				<ttActionsGroup>
                    <ttTrigger>onTouchesBegan</ttTrigger>
					<ttSequenceGroup>
						<ttAction>
							<ttType>showPopup</ttType>
							<ttPopupActionLocation>location1</ttPopupActionLocation>
						</ttAction>
					</ttSequenceGroup>
                    <ttSequenceGroup>
						<ttAction>
                            <ttType>scaleXy</ttType>
                            <ttActionDuration>0.10</ttActionDuration>
                            <ttScaleX>1.20</ttScaleX>
                            <ttScaleY>1</ttScaleY>
							<ttActionEaseMode>easeInOut</ttActionEaseMode>
							<ttActionEaseRate>2.00</ttActionEaseRate>
                        </ttAction>
						<ttAction>
                            <ttType>playSound</ttType>
                            <ttFile>sounds/button_tap_new.mp3</ttFile>
                             <ttVolume>1</ttVolume>
                        </ttAction>
                    </ttSequenceGroup>
                    <ttSequenceGroup>
                        <ttAction>
                            <ttType>scaleXy</ttType>
                            <ttActionDuration>0.10</ttActionDuration>
                            <ttScaleX>0.7</ttScaleX>
                            <ttScaleY>1</ttScaleY>
							<ttActionEaseMode>easeInOut</ttActionEaseMode>
							<ttActionEaseRate>2.00</ttActionEaseRate>
                        </ttAction>
                    </ttSequenceGroup>
                    <ttSequenceGroup>
                        <ttAction>
                            <ttType>scaleXy</ttType>
                            <ttActionDuration>0.10</ttActionDuration>
                            <ttScaleX>1.15</ttScaleX>
                            <ttScaleY>1</ttScaleY>
							<ttActionEaseMode>easeInOut</ttActionEaseMode>
							<ttActionEaseRate>2.00</ttActionEaseRate>
                        </ttAction>
                    </ttSequenceGroup>
                    <ttSequenceGroup>
                        <ttAction>
                            <ttType>scaleXy</ttType>
                            <ttActionDuration>0.10</ttActionDuration>
                            <ttScaleX>0.85</ttScaleX>
                            <ttScaleY>1</ttScaleY>
							<ttActionEaseMode>easeInOut</ttActionEaseMode>
							<ttActionEaseRate>2.00</ttActionEaseRate>
                        </ttAction>
                    </ttSequenceGroup>
                    <ttSequenceGroup>
                        <ttAction>
                            <ttType>scaleXy</ttType>
                            <ttActionDuration>0.10</ttActionDuration>
                            <ttScaleX>1.05</ttScaleX>
                            <ttScaleY>1</ttScaleY>
							<ttActionEaseMode>easeInOut</ttActionEaseMode>
							<ttActionEaseRate>2.00</ttActionEaseRate>
                        </ttAction>
                    </ttSequenceGroup>
                    <ttSequenceGroup>
                        <ttAction>
                            <ttType>scaleXy</ttType>
                            <ttActionDuration>0.10</ttActionDuration>
                            <ttScaleX>0.95</ttScaleX>
                            <ttScaleY>1</ttScaleY>
							<ttActionEaseMode>easeInOut</ttActionEaseMode>
							<ttActionEaseRate>2.00</ttActionEaseRate>
                        </ttAction>
                    </ttSequenceGroup>
                    <ttSequenceGroup>
                        <ttAction>
                            <ttType>scaleXy</ttType>
                            <ttActionDuration>0.10</ttActionDuration>
                            <ttScaleX>1</ttScaleX>
                            <ttScaleY>1</ttScaleY>
							<ttActionEaseMode>easeInOut</ttActionEaseMode>
							<ttActionEaseRate>2.00</ttActionEaseRate>
                        </ttAction>
                    </ttSequenceGroup>
					<ttSequenceGroup>
						<ttAction>
							<ttType>nextScene</ttType>
						</ttAction>
					</ttSequenceGroup>
				</ttActionsGroup>
			</ttObject>
		</ttLayer> -->
	</ttScene>
</ttScenes>
