<ttMacro name="LanguageSetup">
    <ttMacroParams>
    </ttMacroParams>
    <ttMacroBody>
        <ttBookLanguage>english</ttBookLanguage>
        <ttReadAlongAlignment>left</ttReadAlongAlignment>
    </ttMacroBody>
</ttMacro>

<ttMacro name="rateUsText">
    <ttMacroParams>
    </ttMacroParams>
    <ttMacroBody>
        <ttAppiraterMessage>If you like this app, please rate it in the App Store. Thanks!</ttAppiraterMessage>
        <ttAppiraterMessageTitle>Help Spread the Word</ttAppiraterMessageTitle>
        <ttAppiraterRateNowButton>Rate It Now</ttAppiraterRateNowButton>
        <ttAppiraterRateLaterButton>Maybe Later</ttAppiraterRateLaterButton>
    </ttMacroBody>
</ttMacro>

<ttMacro name="mute">
    <ttMacroParams>
    </ttMacroParams>
    <ttMacroBody>
	   <ttMuteAlertTitle>Your device is on mute</ttMuteAlertTitle>
	<ttMuteAlertMessage>Turn off mute to fully enjoy this app.</ttMuteAlertMessage>

	<ttMuteAlertOK>OK</ttMuteAlertOK>
	<ttMuteAlertHelp>Help</ttMuteAlertHelp>
	<ttMuteAlertDontShowAgain>Don’t show again</ttMuteAlertDontShowAgain>
    </ttMacroBody>
</ttMacro>

<ttMacro name="forParents">
    <ttMacroParams>
    </ttMacroParams>
    <ttMacroBody>
			<ttObject> <!-- info -->
                <ttImage>images/cover/forParents1.png</ttImage>
                <ttScale>0.00</ttScale>
                <ttBasePosition x="92" y="97"/>
                <ttActionsGroup>
                    <ttTrigger>automatic</ttTrigger>
                    <ttSequenceGroup>
                        <ttAction>
                            <ttType>scale</ttType>
                            <ttActionDuration>0.50</ttActionDuration>
                            <ttActionEaseRate>2.00</ttActionEaseRate>
                            <ttActionEaseMode>easeOut</ttActionEaseMode>
                            <ttScaleTo>0.6</ttScaleTo>
                        </ttAction>
                    </ttSequenceGroup>
                </ttActionsGroup>
				<ttActionsGroup>
					<ttTrigger>onTouchesBegan</ttTrigger>
					<ttSequenceGroup>
						<ttAction>
                            <ttType>playSound</ttType>
                            <ttFile>sounds/button_tap_new.mp3</ttFile>
                        </ttAction>
						<ttAction>
							<ttType>scaleXy</ttType>
							<ttActionDuration>0.10</ttActionDuration>
							<ttScaleX>0.75</ttScaleX>
							<ttScaleY>0.75</ttScaleY>
							<ttActionEaseMode>easeInOut</ttActionEaseMode>
							<ttActionEaseRate>2.00</ttActionEaseRate>
						</ttAction>
					</ttSequenceGroup>
					<ttSequenceGroup>
						<ttAction>
							<ttType>scaleXy</ttType>
							<ttActionDuration>0.10</ttActionDuration>
							<ttScaleX>0.45</ttScaleX>
							<ttScaleY>0.45</ttScaleY>
							<ttActionEaseMode>easeInOut</ttActionEaseMode>
							<ttActionEaseRate>2.00</ttActionEaseRate>
						</ttAction>
					</ttSequenceGroup>
					<ttSequenceGroup>
						<ttAction>
							<ttType>scaleXy</ttType>
							<ttActionDuration>0.10</ttActionDuration>
							<ttScaleX>0.65</ttScaleX>
							<ttScaleY>0.65</ttScaleY>
							<ttActionEaseMode>easeInOut</ttActionEaseMode>
							<ttActionEaseRate>2.00</ttActionEaseRate>
						</ttAction>
					</ttSequenceGroup>
					<ttSequenceGroup>
						<ttAction>
							<ttType>scaleXy</ttType>
							<ttActionDuration>0.10</ttActionDuration>
							<ttScaleX>0.55</ttScaleX>
							<ttScaleY>0.55</ttScaleY>
							<ttActionEaseMode>easeInOut</ttActionEaseMode>
							<ttActionEaseRate>2.00</ttActionEaseRate>
						</ttAction>
					</ttSequenceGroup>
					<ttSequenceGroup>
						<ttAction>
							<ttType>scaleXy</ttType>
							<ttActionDuration>0.10</ttActionDuration>
							<ttScaleX>0.6</ttScaleX>
							<ttScaleY>0.6</ttScaleY>
							<ttActionEaseMode>easeInOut</ttActionEaseMode>
							<ttActionEaseRate>2.00</ttActionEaseRate>
						</ttAction>
					</ttSequenceGroup>
					<ttSequenceGroup>
						<ttAction>
							<ttType>logEvent</ttType>
							<ttLogEventName>Application Shelf - Terms Of Use Button Clicked</ttLogEventName>
						</ttAction>
						<ttAction>
							<ttType>webView</ttType>
							<ttWebViewURL>info/game_info.html</ttWebViewURL>
							<ttWebViewWidth>85</ttWebViewWidth>
							<ttWebViewHeight>85</ttWebViewHeight>
							<ttWebViewPosition x="50" y="50.00"/>
							<ttWebViewCloseButtonImage>platform/ac_close_info.png</ttWebViewCloseButtonImage>
							<ttWebViewCloseSound>platform/bookshelf/Xbutton.mp3</ttWebViewCloseSound>
							<ttWebViewCloseButtonPosition x="92" y="92"/>
							<ttWebViewIsLocalFile>YES</ttWebViewIsLocalFile>
						</ttAction>
					</ttSequenceGroup>
				</ttActionsGroup>
            </ttObject>
    </ttMacroBody>
</ttMacro>